Title,Content,Source,Category,predicted_category,sentiment,PublishDate,ArticleUrl,ArticleLength,WordCount,Id
iDNES.cz,,idnes,,Other,neutral,2025-03-31 13:32:20,https://www.idnes.cz/ceske-budejovice/zpravy/zena-pokus-vrazdy-muz-spal-znamy-byt-priznani-policie.A250331_122003_budejovice-zpravy_khr#utm_source=rss&utm_medium=feed&utm_campaign=zpravodaj&utm_content=main,0,0,1
iDNES.cz,,idnes,,Other,neutral,2025-03-31 13:32:25,https://www.idnes.cz/karlovy-vary/zpravy/policie-nasili-napadeni-nemocnice-vazba-habartov.A250331_120257_vary-zpravy_pkz#utm_source=rss&utm_medium=feed&utm_campaign=zpravodaj&utm_content=main,0,0,2
iDNES.cz,,idnes,,Other,neutral,2025-03-31 13:32:32,https://www.idnes.cz/volby/stacilo-volby-snemovna-konecna-bobosikova-sterzik-kscm.A250331_104149_ostrava-zpravy_jog#utm_source=rss&utm_medium=feed&utm_campaign=zpravodaj&utm_content=main,0,0,3
iDNES.cz,,idnes,,Other,neutral,2025-03-31 13:32:40,https://www.idnes.cz/praha/zpravy/zakaz-rizeni-lustrace-zadrzeni-drogy-policie-straznici-hledany.A250326_115137_praha-zpravy_lysa#utm_source=rss&utm_medium=feed&utm_campaign=zpravodaj&utm_content=main,0,0,4
iDNES.cz,,idnes,,Other,neutral,2025-03-31 13:32:48,https://www.idnes.cz/praha/zpravy/rekonstrukce-prazsky-okruh-slivenec-lochkovsky-tunel-rsd-doprava.A250331_124415_praha-zpravy_ba#utm_source=rss&utm_medium=feed&utm_campaign=zpravodaj&utm_content=main,0,0,5
iDNES.cz,,idnes,,Other,neutral,2025-03-31 13:32:55,https://www.idnes.cz/ekonomika/domaci/cnb-hospodareni-michl-menova-politika.A250331_123902_ekonomika_alis#utm_source=rss&utm_medium=feed&utm_campaign=zpravodaj&utm_content=main,0,0,6
iDNES.cz,,idnes,,Other,neutral,2025-03-31 13:33:01,https://www.idnes.cz/zpravy/zahranicni/italie-prelet-dronu-maggiore-spionaz-vysetrovani-rusko.A250331_121109_zahranicni_kha#utm_source=rss&utm_medium=feed&utm_campaign=zpravodaj&utm_content=main,0,0,7
iDNES.cz,,idnes,,Other,neutral,2025-03-31 13:33:09,https://www.idnes.cz/zpravy/domaci/soud-trest-detska-pornografie-snizeni-trestu-synek.A250331_121539_domaci_rtn#utm_source=rss&utm_medium=feed&utm_campaign=zpravodaj&utm_content=main,0,0,8
iDNES.cz,,idnes,,Other,neutral,2025-03-31 13:33:15,https://www.idnes.cz/zpravy/zahranicni/marine-le-pen-soud-verdikt-podvod-eu.A250331_110300_zahranicni_ert#utm_source=rss&utm_medium=feed&utm_campaign=zpravodaj&utm_content=main,0,0,9
iDNES.cz,,idnes,,Other,neutral,2025-03-31 13:33:22,https://www.idnes.cz/plzen/zpravy/krimice-nehoda-mikrobus-cizinec-ridic-opily-kokain-zraneni.A250331_112426_plzen-zpravy_vb#utm_source=rss&utm_medium=feed&utm_campaign=zpravodaj&utm_content=main,0,0,10
"Pozor na podvodnÃ© weby, podfukÃ¡Å™i znovu ÃºtoÄÃ­ na klienty Fio banky",,novinky,,Uncategorized,neutral,2025-03-31 13:33:30,https://www.novinky.cz/clanek/internet-a-pc-bezpecnost-pozor-na-podvodne-weby-podfukari-znovu-utoci-na-klienty-fio-banky-40515356,0,0,11
Å½ena sÂ noÅ¾em pÅ™ekvapila spÃ­cÃ­ho muÅ¾e. Za pokus oÂ vraÅ¾du jÃ­ hrozÃ­ osmnÃ¡ct let,,novinky,,Uncategorized,neutral,2025-03-31 13:33:35,https://www.novinky.cz/clanek/krimi-zena-s-nozem-prekvapila-spiciho-muze-za-pokus-vrazdy-ji-hrozi-osmnact-let-40515338,0,0,12
StreamovacÃ­ sluÅ¾ba Peacock chystÃ¡ prequel PÃ¡tku tÅ™inÃ¡ctÃ©ho,,novinky,,Uncategorized,neutral,2025-03-31 13:33:41,https://www.novinky.cz/clanek/kultura-tv-streaming-streamovaci-sluzba-peacock-chysta-prequel-patku-trinacteho-40514658,0,0,13
Musk pÅ™ed soudnÃ­mi volbami ve Wisconsinu pÅ™edal voliÄÅ¯m Å¡eky na milion dolarÅ¯,,novinky,,Uncategorized,neutral,2025-03-31 13:33:45,https://www.novinky.cz/clanek/zahranicni-amerika-musk-pred-soudnimi-volbami-ve-wisconsinu-predal-volicum-seky-na-milion-dolaru-40515336,0,0,14
"Soud zastavil stÃ­hÃ¡nÃ­ studentÅ¯, kteÅ™Ã­ vÃ½kÅ™ikem AllÃ¡hu akbar zpÅ¯sobili poprask na univerzitÄ› vÂ Plzni",,novinky,,Uncategorized,neutral,2025-03-31 13:33:49,https://www.novinky.cz/clanek/krimi-soud-zastavil-stihani-studentu-kteri-vykrikem-allahu-akbar-zpusobili-poprask-na-univerzite-v-plzni-40515337,0,0,15
Le PenovÃ¡ dostala 4Â roky vÄ›zenÃ­ aÂ nesmÃ­ kandidovat na prezidentku,,novinky,,Uncategorized,neutral,2025-03-31 13:33:54,https://www.novinky.cz/clanek/zahranicni-evropa-marine-le-penova-zproneverila-unijni-penize-rozhodl-soud-40515316,0,0,16
TÅ™i roky po osvobozenÃ­ ukrajinskÃ© BuÄi Rusko vÄ›znÃ­ 33Â jejÃ­ch obyvatel,,novinky,,Uncategorized,neutral,2025-03-31 13:33:58,https://www.novinky.cz/clanek/valka-na-ukrajine-tri-roky-po-osvobozeni-ukrajinske-buci-rusko-vezni-33-jejich-obyvatel-40515344,0,0,17
"Bazalka je sice primadona, ale iÂ s tou ze supermarketu lze dÄ›lat zÃ¡zraky aÂ udrÅ¾et ji dlouho Å¾ivou",,novinky,,Uncategorized,neutral,2025-03-31 13:34:02,https://www.novinky.cz/clanek/bydleni-zahrada-bazalka-je-sice-primadona-ale-i-s-tou-ze-supermarketu-lze-delat-zazraky-a-udrzet-ji-dlouho-zivou-40515278,0,0,18
VelkÃ© finÃ¡le vesmÃ­rnÃ© cesty Zero-G. NadÄ›jnÃ­ ÄeÅ¡tÃ­ kadeti absolvovali beztÃ­Å¾nÃ½ let,,novinky,,Uncategorized,neutral,2025-03-31 13:34:07,https://www.novinky.cz/clanek/veda-skoly-velke-finale-vesmirne-cesty-zero-g-nadejni-cesti-kadeti-absolvovali-beztizny-let-40515251,0,0,19
KriminalistÃ© na Sokolovsku Å™eÅ¡Ã­ nadmÄ›rnou distribuci drog do vÄ›zeÅˆskÃ½ch cel,,novinky,,Uncategorized,neutral,2025-03-31 13:34:12,https://www.novinky.cz/clanek/krimi-kriminaliste-na-sokolovsku-resi-nadmernou-distribuci-drog-do-vezenskych-cel-40515283,0,0,20
iRozhlas,"FotbalovÃ¡ asociace ÄŒR (FAÄŒR) podepsala smlouvu se Spartou Praha o vyuÅ¾itÃ­ areÃ¡lu na StrahovÄ›, kde letenskÃ½ prvoligovÃ½ klub vybuduje na vlastnÃ­ nÃ¡klady novÃ½ stadion. ArÃ©na, kterÃ¡ bude zÃ¡roveÅˆ slouÅ¾it zÃ¡pasÅ¯m ÄeskÃ© reprezentace, se zaÄne stavÄ›t do pÄ›ti let. FAÄŒR a Sparta podepsaly smlouvu na pondÄ›lnÃ­ tiskovÃ© konferenci v Praze.

Praha
13:16 31. bÅ™ezna 2025 


SdÃ­let na Facebooku




 

SdÃ­let na Twitteru




 

SdÃ­let na LinkedIn




 

Tisknout




 


KopÃ­rovat url adresu




 

ZkrÃ¡cenÃ¡ adresa





KopÃ­rovat do schrÃ¡nky




 




ZavÅ™Ã­t

Sparta se vloni stala vÃ­tÄ›zem mezinÃ¡rodnÃ­ soutÄ›Å¾e o vyuÅ¾itÃ­ areÃ¡lu chÃ¡trajÃ­cÃ­ho stadionu EvÅ¾ena RoÅ¡ickÃ©ho, jehoÅ¾ vlastnÃ­kem je FAÄŒR.

KdyÅ¾ Sparta postavÃ­ novÃ½ stadion ze soukromÃ½ch zdrojÅ¯, tak nÃ¡m to hodnÄ› pomÅ¯Å¾e, Å™Ã­kÃ¡ Å¡Ã©f NSA Å ebek

ÄŒÃ­st ÄlÃ¡nek

SouÄÃ¡stÃ­ smlouvy s asociacÃ­ je povinnost poskytnout stadion nejmÃ©nÄ› ke tÅ™em zÃ¡pasÅ¯m reprezentace za rok. Sparta za moÅ¾nost vybudovat novou arÃ©nu zaplatÃ­ FAÄŒR celkem tÃ©mÄ›Å™ 1,8 miliardy korun.

â€Je to jeden z nejdÅ¯leÅ¾itÄ›jÅ¡Ã­ch projektÅ¯ ÄeskÃ©ho fotbalu. Tato vÄ›c se tÃ¡hla vÃ­ce neÅ¾ osm let, takÅ¾e kdyÅ¾ jsme jako novÃ© vedenÃ­ asociace pÅ™ed ÄtyÅ™mi lety nastoupili, stanovili jsme si vyÅ™eÅ¡enÃ­ tÃ©to problematiky jako jeden z hlavnÃ­ch cÃ­lÅ¯. Povedlo se nÃ¡m to rychle a ku prospÄ›chu celÃ©ho ÄeskÃ©ho fotbalu,â€œ uvedl pÅ™edseda FAÄŒR Petr Fousek.

Sparta poÄÃ­tÃ¡, Å¾e novÃ½ stadion bude mÃ­t kapacitu 35 tisÃ­c divÃ¡kÅ¯. ArÃ©na se tak stane nejvÄ›tÅ¡Ã­ v ÄŒesku. Do roku 2030 by mÄ›li LetenÅ¡tÃ­ zÃ­skat stavebnÃ­ povolenÃ­, nejpozdÄ›ji za dalÅ¡Ã­ch pÄ›t let by mÄ›l bÃ½t stadion hotov.

ÄŒÃ¡stku v podobÄ› stavebnÃ­ho platu bude Sparta vyplÃ¡cet postupnÄ› po dobu 30 let, kdy bude na pozemku v nÃ¡jmu. Sumu 95 milionÅ¯ korun vyplatÃ­ ÃºÅ™adujÃ­cÃ­ ligovÃ½ mistr asociaci do mÄ›sÃ­ce po podpisu smlouvy jako poplatek za exkluzivitu.

RoÄnÃ­ stavebnÃ­ plat bude Äinit pÅ™es 32 milionÅ¯ korun, v celkovÃ© ÄÃ¡stce 1,784 miliardy korun je zahrnuta pÅ™edpoklÃ¡danÃ¡ inflace i Ãºspora za poÅ™Ã¡dÃ¡nÃ­ reprezentaÄnÃ­ch utkÃ¡nÃ­.

MÃ­stopÅ™edseda pÅ™edstavenstva Sparty FrantiÅ¡ek ÄŒupr odhadl, Å¾e vÃ½stavba vyjde zhruba na ÄtyÅ™i a pÅ¯l miliardy korun. NovÃ¡ arÃ©na nebude takzvanÃ½m nÃ¡rodnÃ­m stadionem, protoÅ¾e nebude financovÃ¡na ze stÃ¡tnÃ­ch zdrojÅ¯. Po uplynutÃ­ 30 let budou pozemky bezplatnÄ› pÅ™evedeny na letenskÃ½ klub.

SokolskÃ© slety iÂ koncert Rolling Stones. StrahovskÃ½ stadion se na dva dny otevÅ™e veÅ™ejnosti

ÄŒÃ­st ÄlÃ¡nek

Stadion EvÅ¾ena RoÅ¡ickÃ©ho je v havarijnÃ­m stavu a od pÅ™edloÅˆska uÅ¾ neslouÅ¾Ã­ ani pro trÃ©ninky reprezentaÄnÃ­ch vÃ½bÄ›rÅ¯. NÃ¡klady v Å™Ã¡du jednotek milionÅ¯ korun roÄnÄ› na jeho ÃºdrÅ¾bu hradÃ­ asociace coby vlastnÃ­k.

Sparta bude muset v budoucnu opustit Letnou, neboÅ¥ tamnÃ­ stadion s kapacitou 18.349 mÃ­st pomalu pÅ™estÃ¡vÃ¡ staÄit souÄasnÃ½m poÅ¾adavkÅ¯m.

NejvÄ›tÅ¡Ã­ fotbalovÃ¡ arÃ©na v ÄŒesku nynÃ­ stojÃ­ v Edenu, domovskÃ½ stadion Slavie pojme 19 370 divÃ¡kÅ¯. Sparta uÅ¾ vyuÅ¾Ã­vÃ¡ jinou ÄÃ¡st strahovskÃ©ho areÃ¡lu, na ploÅ¡e bÃ½valÃ©ho spartakiÃ¡dnÃ­ho stadionu mÃ¡ trÃ©ninkovÃ© centrum.

ÄŒTK


SdÃ­let na Facebooku




 

SdÃ­let na Twitteru




 

SdÃ­let na LinkedIn




 

Tisknout




 


KopÃ­rovat url adresu




 

ZkrÃ¡cenÃ¡ adresa





KopÃ­rovat do schrÃ¡nky




 




ZavÅ™Ã­t",irozhlas,,Uncategorized,neutral,2025-03-31 13:34:20,https://www.irozhlas.cz/sport/fotbal/stadion-straho-facr-sparta-rekonstrukce-dohoda_2503311254_mim,3071,447,21
iRozhlas,"MiliardÃ¡Å™ Elon Musk v nedÄ›li pÅ™edal dvÄ›ma voliÄÅ¯m ve Wisconsinu Å¡eky na milion dolarÅ¯ (23 milionÅ¯ KÄ) a dalÅ¡Ã­m slÃ­bil menÅ¡Ã­ ÄÃ¡stky, pokud v ostÅ™e sledovanÃ½ch volbÃ¡ch pomohou zvolit konzervativnÃ­ho kandidÃ¡ta na post soudce nejvyÅ¡Å¡Ã­ho soudu stÃ¡tu Wisconsin.

Green Bay/Washington
13:15 31. bÅ™ezna 2025 


SdÃ­let na Facebooku




 

SdÃ­let na Twitteru




 

SdÃ­let na LinkedIn




 

Tisknout




 


KopÃ­rovat url adresu




 

ZkrÃ¡cenÃ¡ adresa





KopÃ­rovat do schrÃ¡nky




 




ZavÅ™Ã­t

MiliardÃ¡Å™ Elon Musk v nedÄ›li pÅ™edal dvÄ›ma voliÄÅ¯m ve Wisconsinu Å¡eky na milion dolarÅ¯ (23 milionÅ¯ KÄ) a dalÅ¡Ã­m slÃ­bil menÅ¡Ã­ ÄÃ¡stky, pokud v ostÅ™e sledovanÃ½ch volbÃ¡ch pomohou zvolit konzervativnÃ­ho kandidÃ¡ta na post soudce nejvyÅ¡Å¡Ã­ho soudu stÃ¡tu Wisconsin. HlasovÃ¡nÃ­, kterÃ© se uskuteÄnÃ­ 1. dubna, urÄÃ­ ideologickÃ© smÄ›Å™ovÃ¡nÃ­ soudu, jenÅ¾ se bude zabÃ½vat klÃ­ÄovÃ½mi otÃ¡zkami, jako jsou prÃ¡va na potraty nebo pracovnÃ­ prÃ¡va. Wisconsin je jeden ze stÃ¡tÅ¯, kde jsou sÃ­ly demokratÅ¯ a republikÃ¡nÅ¯ vyrovnÃ¡ny. Uvedla to agentura AP.

â€šPoÅ¡lete Muska na Mars.â€˜ LidÃ© vÂ USA a vÂ EvropÄ› protestovali pÅ™ed prodejnami Tesly

ÄŒÃ­st ÄlÃ¡nek

Musk je mimo jinÃ© Å™editelem automobilky Tesla a poradcem americkÃ©ho prezidenta Donalda Trumpa. V nedÄ›li na pÅ™edvolebnÃ­m mÃ­tinku v Green Bay ve Wisconsinu rozdÃ¡val obrovskÃ© Å¡eky, aby vyvolal nadÅ¡enÃ­ pro volby do nejvyÅ¡Å¡Ã­ho soudu. Ty jsou uÅ¾ teÄ nejdraÅ¾Å¡Ã­mi soudnÃ­mi volbami v historii USA.

Musk takÃ© oznÃ¡mil, Å¾e pÅ™Ã­znivcÅ¯m konzervativnÃ­ho kandidÃ¡ta zaplatÃ­ 20 dolarÅ¯

(460 KÄ) za kaÅ¾dÃ©ho voliÄe, kterÃ©ho v nÃ¡sledujÃ­cÃ­ch dvou dnech pÅ™ilÃ¡kajÃ­.

MiliardÃ¡Å™ uvedl, Å¾e vynaklÃ¡dÃ¡ penÃ­ze s cÃ­lem zvÃ½Å¡it povÄ›domÃ­ o souboji, v nÄ›mÅ¾ liberÃ¡lka Susan CrawfordovÃ¡ zÅ™ejmÄ› vede pÅ™ed konzervativcem Bradem Schimelem. Musk spolu se skupinami, kterÃ© podporuje, utratili vÃ­ce neÅ¾ 20 milionÅ¯ dolarÅ¯ (460 milionÅ¯ KÄ) na Schimelovu kampaÅˆ.

Easiest money you ever made!You donâ€™t even need to be from Wisconsin, you just need to get people in the state to hold a picture of @TeamSchimel (can be on a phone/device or paper) in one hand and go thumbs up with the other hand. Every time you do that you get $20 and theyâ€¦ https://t.co/2JqpcFmtpJ

â€MyslÃ­m, Å¾e to bude dÅ¯leÅ¾itÃ© pro budoucnost civilizace. Je to aÅ¾ tak vÃ½znamnÃ©,"" Å™ekl Musk.

Podle Muska by se nejvyÅ¡Å¡Ã­ soud stÃ¡tu mohl zabÃ½vat pÅ™erozdÄ›lenÃ­m kongresovÃ½ch obvodÅ¯, coÅ¾ by mohlo v koneÄnÃ©m dÅ¯sledku ovlivnit, kterÃ¡ strana ovlÃ¡dne SnÄ›movnu reprezentantÅ¯ USA. RepublikÃ¡ni teÄ ve snÄ›movnÄ› majÃ­ tÄ›snou vÄ›tÅ¡inu. â€Pokud nejvyÅ¡Å¡Ã­ soud (ve Wisconsinu) bude moci pÅ™ekreslit obvody,... pÅ™ipravÃ­ Wisconsin o dvÄ› kÅ™esla na stranÄ› republikÃ¡nÅ¯. Pak se pokusÃ­ zastavit vÅ¡echny vlÃ¡dnÃ­ reformy, kterÃ© pro vÃ¡s, AmeriÄany, dÄ›lÃ¡me,"" prohlÃ¡sil Musk.

â€šDiktÃ¡torem se nestane.â€˜ FloriÄan Peter hodnotÃ­ dva mÄ›sÃ­ce Donalda Trumpa vÂ BÃ­lÃ©m domÄ›

ÄŒÃ­st ÄlÃ¡nek

CrawfordovÃ¡ a jejÃ­ spojenci proti MuskovÄ› kampani protestujÃ­, protoÅ¾e podle nich miliardÃ¡Å™ usiluje o vliv na soud.

V nedÄ›li nejvyÅ¡Å¡Ã­ soud stÃ¡tu jednomyslnÄ› odmÃ­tl projednat Å¾alobu wisconsinskÃ©ho generÃ¡lnÃ­ho prokurÃ¡tora podporovanÃ©ho Demokratickou stranou, kterÃ½ chtÄ›l Muskovi na poslednÃ­ chvÃ­li zabrÃ¡nit v pÅ™edÃ¡nÃ­ Å¡ekÅ¯ dvÄ›ma voliÄÅ¯m. Soud rozhodnutÃ­ vydal jen nÄ›kolik minut pÅ™ed plÃ¡novanÃ½m zaÄÃ¡tkem mÃ­tinku.

NejvyÅ¡Å¡Ã­ soud stÃ¡tu Wisconsin se sklÃ¡dÃ¡ ze sedmi soudcÅ¯, kteÅ™Ã­ jsou voleni v celostÃ¡tnÃ­ch nestranickÃ½ch volbÃ¡ch. PÅ™estoÅ¾e je soud oficiÃ¡lnÄ› nestranickÃ½, jeho soudci jsou obecnÄ› povaÅ¾ovÃ¡ni za osoby s konzistentnÃ­mi ideologickÃ½mi postoji. LiberÃ¡lnÃ­ soudci majÃ­ v souÄasnÃ© dobÄ› u soudu vÄ›tÅ¡inu ÄtyÅ™i ku tÅ™em. DemokratickÃ¡ strana podporuje liberÃ¡lnÃ­ soudce a kandidÃ¡ty.

ÄŒTK


SdÃ­let na Facebooku




 

SdÃ­let na Twitteru




 

SdÃ­let na LinkedIn




 

Tisknout




 


KopÃ­rovat url adresu




 

ZkrÃ¡cenÃ¡ adresa





KopÃ­rovat do schrÃ¡nky




 




ZavÅ™Ã­t",irozhlas,,Uncategorized,neutral,2025-03-31 13:34:24,https://www.irozhlas.cz/zpravy-svet/usa-musk-volby_2503311315_elev,3733,536,22
iRozhlas,"OpatÅ™enÃ­ proti zavleÄenÃ­ slintavky a kulhavky do ÄŒeska se znovu rozÅ¡Ã­Å™ila. TÃ½kÃ¡ se to nÃ¡kladnÃ­ dopravy na hraniÄnÃ­m pÅ™echodu BÅ™eclav-BrodskÃ© na dÃ¡lnici D2. Nedaleko odtud bylo potvrzeno dalÅ¡Ã­ ohnisko nÃ¡kazy. â€Nic nepodceÅˆujeme, opatÅ™enÃ­ nedÄ›lÃ¡me nahodile,â€œ ujiÅ¡Å¥uje pro ÄŒeskÃ½ rozhlas Plus ministr zemÄ›dÄ›lstvÃ­ Marek VÃ½bornÃ½ (KDU-ÄŒSL). Od nedÄ›le je na pÅ™echodu u umÃ­stÄ›n dezinfikaÄnÃ­ rÃ¡m pro automobily a je moÅ¾nÃ©, Å¾e se opatÅ™enÃ­ jeÅ¡tÄ› zpÅ™Ã­snÃ­.

BÅ™eclav
13:06 31. bÅ™ezna 2025 


SdÃ­let na Facebooku




 

SdÃ­let na Twitteru




 

SdÃ­let na LinkedIn




 

Tisknout




 


KopÃ­rovat url adresu




 

ZkrÃ¡cenÃ¡ adresa





KopÃ­rovat do schrÃ¡nky




 




ZavÅ™Ã­t

Å˜editel ÄŒeskÃ©ho svazu chovatelÅ¯ masnÃ©ho skotu Kamila MalÃ¡ta nejsou ÄeskÃ¡ opatÅ™enÃ­ dostateÄnÃ¡. Navrhuje, aby se zpÅ™Ã­snilo dezinfikovÃ¡nÃ­ vozidel na hranicÃ­ch. NemÃ¡ jÃ­t o namÃ¡tkovÃ© kontroly, ale ploÅ¡nÃ©Â vÄetnÄ› osobnÃ­chÂ aut a na vÅ¡ech hraniÄnÃ­chÂ pÅ™echodech. Slintavka a kulhavka jsou vysoce nakaÅ¾livÃ© nemoci, kterÃ© mÅ¯Å¾e pÅ™enÃ¡Å¡et i ÄlovÄ›k, aÄkoliv onemocnÄ›t nemÅ¯Å¾e. Pane ministÅ™e, zvaÅ¾ujete dalÅ¡Ã­ zpÅ™Ã­snÄ›nÃ­ opatÅ™enÃ­?SamozÅ™ejmÄ› nemÅ¯Å¾u vylouÄit dalÅ¡Ã­ zpÅ™Ã­snÄ›nÃ­. Po celÃ½ vÃ­kend jsme neustÃ¡le v kontaktu se StÃ¡tnÃ­ veterinÃ¡rnÃ­ sprÃ¡vou a vÅ¡emi dalÅ¡Ã­mi dozorovÃ½mi orgÃ¡ny, s PoliciÃ­ ÄŒeskÃ© republiky, s hasiÄi. PÅ™edpoklÃ¡dÃ¡m, Å¾e s ohledem na tu dynamicky a ne dobÅ™e vyvÃ­jejÃ­cÃ­ situaci na Slovensku k tomu skuteÄnÄ› dojde.

00:00 / 00:00



PoslechnÄ›te si rozhovor s ministrem zemÄ›dÄ›lstvÃ­ Markem VÃ½bornÃ½m (KDU-ÄŒSL)

MusÃ­m nicmÃ©nÄ› odmÃ­tnout slova pÅ™edsedy MalÃ¡ta. My nic nepodceÅˆujeme, opatÅ™enÃ­ nedÄ›lÃ¡me nahodile, nenÃ­ to tak, Å¾e bychom je dÃ¡vkovali. DÄ›lÃ¡me to tak, jak povaÅ¾ujeme za nejlepÅ¡Ã­ a takÃ© za realizovatelnÃ©.

PÅ™edstava, Å¾e by se dezinfikovala osobnÃ­ vozidla na hranicÃ­ch tÅ™eba v LanÅ¾hotÄ›, by znamenalo, Å¾e frontaÂ osobnÃ­ch automobilÅ¯ by stÃ¡la aÅ¾ do BudapeÅ¡ti. NevÃ­m, jestli si tohle pan pÅ™edseda uvÄ›domuje.

My jsme opatÅ™enÃ­ zpÅ™Ã­snili vÄera prÃ¡vÄ› na tom kritickÃ©m, nejbliÅ¾Å¡Ã­m pÅ™echodu BÅ™eclav-BrodskÃ©. A to tak, Å¾e jsme tam umÃ­stili dezinfikaÄnÃ­Â rÃ¡m. To znamenÃ¡, Å¾e potenciÃ¡lnÃ­ vozidlaÂ projÃ­Å¾dÄ›jÃ­ rÃ¡mem. DezinfikujÃ­ se tak nejenom kola, nÃ¡pravy, ale celÃ© vozidlo.

A to nejdÅ¯leÅ¾itÄ›jÅ¡Ã­, co v tuto chvÃ­li mÅ¯Å¾eme udÄ›lat, se tÃ½kÃ¡ farem a zemÄ›dÄ›lcÅ¯. My to Å™Ã­kÃ¡me trpÄ›livÄ› co ÄtrnÃ¡ct dnÅ¯, dÃ¡vÃ¡me k tomu metodiky, minulÃ½ tÃ½den Ãšstav veterinÃ¡rnÃ­ho lÃ©kaÅ™stvÃ­...

Slovensko hlÃ¡sÃ­ dalÅ¡Ã­ ohnisko nÃ¡kazy slintavkou a kulhavkou. Od ÄeskÃ½ch hranic ho dÄ›lÃ­ 40 kilometrÅ¯

ÄŒÃ­st ÄlÃ¡nek

Pokud dovolÃ­te, k tomu bych se jeÅ¡tÄ› dostal. Ale zastavil bych se jeÅ¡tÄ› u opatÅ™enÃ­ proti nÃ¡kaze ze strany stÃ¡tu. Vy jste odmÃ­tl zpÅ™Ã­snÄ›nÃ­, jakÃ© navrhl ve vysÃ­lÃ¡nÃ­ ÄŒeskÃ©ho rozhlasu Plus pan MÃ¡tl. NemÃ¡ ale pravdu?OmlouvÃ¡m se. JÃ¡ jsem zmÃ­nil jeden nÃ¡vrh, a to je, Å¾e bychom pÅ™es dezinfekÄnÃ­ rÃ¡my mÄ›li nechat projÃ­Å¾dÄ›t osobnÃ­ automobily. To je skuteÄnÄ› nerealizovatelnÃ©.

Ale na pondÄ›lnÃ­ch 15.30 jsem pozval na ministerstvo zemÄ›dÄ›lstvÃ­ vÅ¡echny zÃ¡stupce chovatelskÃ½ch svazÅ¯ vÄetnÄ› pana MalÃ¡ta.Â ByÅ¥ informace od nÃ¡s samozÅ™ejmÄ› majÃ­, tak jim znovu pÅ™edstavÃ­me informace od nÃ¡s a od StÃ¡tnÃ­ veterinÃ¡rnÃ­ sprÃ¡vy, jakÃ¡ je aktuÃ¡lnÃ­ situace, jakÃ¡ jsou pÅ™ijatÃ¡ opatÅ™enÃ­.

A budu od nich chtÃ­t slyÅ¡et, jakÃ¡Â konkrÃ©tnÃ­ opatÅ™enÃ­ by chtÄ›li jeÅ¡tÄ› rozÅ¡Ã­Å™it a co by podle nich mohlo situaciÂ pomoci.Â My to budeme zvaÅ¾ovat a nevyluÄuji, Å¾e jeÅ¡tÄ› bÄ›hem pondÄ›lÃ­ pÅ™ijmeme dalÅ¡Ã­ opatÅ™enÃ­.Â Ale nechci si to s kolegy vzkazovat pÅ™es mÃ©dia, to Å™eÅ¡enÃ­ budeme hledat spolu.

RozumÃ­m, ale buÄme konkrÃ©tnÃ­. Å˜Ã­kÃ¡te, Å¾e nepÅ™ichÃ¡zÃ­ v Ãºvahu kontrola osobnÃ­ch aut, protoÅ¾e by to znamenalo velkÃ© zdrÅ¾enÃ­ na hranicÃ­ch. Ale pÅ™ichÃ¡zÃ­ v Ãºvahu tÅ™eba moÅ¾nost obecnÄ› zpÅ™Ã­snit dezinfikovÃ¡nÃ­ vozidel na hranicÃ­ch, jak doporuÄuje pan MalÃ¡t?UrÄitÄ› ano. To jsme udÄ›lali uÅ¾ v nedÄ›li veÄer prÃ¡vÄ› v LanÅ¾hotÄ›, kde se uÅ¾ nedezinfikujÃ­ pouze nÃ¡pravy, jak to bylo do nedÄ›lnÃ­ch odpolednÃ­ch hodin. Pro automobily jsme tam instalovali celÃ½ dekontaminaÄnÃ­ rÃ¡m.

Epidemie slintavky a kulhavky ukazuje, Å¾e kdyÅ¾ se to hodÃ­, je EU Slovensku dobrÃ¡

ÄŒÃ­st ÄlÃ¡nek

SouÄasnÄ› jsme do kontrol zahrnuli, nebo od pondÄ›lÃ­ zahrneme jeÅ¡tÄ› dalÅ¡Ã­ pÅ™echod v JiÅ¾nÃ­ch ÄŒechÃ¡ch mezi HalÃ¡mkami aÂ GmÃ¼ndem. To by mÄ›l dalÅ¡Ã­ pÅ™echod, kde budou kontroly. TakÅ¾e ano, zpÅ™Ã­sÅˆujeme.

Pokud jde o tu dezinfekci, tak prÃ¡vÄ› v LanÅ¾hotÄ› bude u potenciÃ¡lnÄ› nebezpeÄnÃ½ch vozidel probÃ­hat celkovÃ¡ dekontaminace.

Pan MalÃ¡t v naÅ¡em vysÃ­lÃ¡nÃ­ prÃ¡vÄ› v tomto smyslu hovoÅ™il o tom, Å¾e opatÅ™enÃ­ pÅ™ichÃ¡zÃ­ ve vlnÃ¡ch. A pÅ™imlouval se za to, aby pÅ™iÅ¡la rovnou vzhledem k zÃ¡vaÅ¾nosti situace.OpatÅ™enÃ­ pÅ™ichÃ¡zejÃ­ tak, jak se zhorÅ¡uje situace na Slovensku. PrvnÃ­ zprÃ¡vu o podezÅ™enÃ­ na vÃ½skyt nemocÃ­ v lokalitÄ›Â PlaveckÃ½ Å tvrtok na Slovensku jsme mÄ›li v nedÄ›li v 11 hodin dopoledne. A potvrzenÃ­ pÅ™iÅ¡lo ve 20 hodin. A to uÅ¾ tam rÃ¡my byly umÃ­stÄ›ny. AÅ¥ kaÅ¾dÃ½ posoudÃ­, jestli je to se zpoÅ¾dÄ›nÃ­m, nebo ne.

JakÃ½ bude postup ze strany stÃ¡tu v pÅ™Ã­padÄ›, Å¾e se slintavka a kulhavka potvrdÃ­ v ÄŒesku?MÃ¡me pÅ™ipravenÃ½ pohotovostnÃ­ plÃ¡n a budeme jednat podle nÄ›j. UzavÃ­rÃ¡Â se pÃ­smo tÅ™Ã­ kilometrÅ¯, kde musÃ­ dojÃ­t k ÃºplnÄ› asanaci pÅ™eÅ¾vÃ½kavcÅ¯ tedy vÅ¡ech hospodÃ¡Å™skÃ½chÂ zvÃ­Å™at, aÅ¥ uÅ¾ na pÅ™Ã­sluÅ¡nÃ© farmÄ›, nebo v soukromÃ­.Â Pak se dÄ›lÃ¡ desetikilometrovÃ© dozorovÃ© pÃ¡smo.

â€šSlintavka a kulhavka neexistujÃ­.â€˜ ZemÄ›dÄ›lskÃ½ svaz varuje pÅ™ed dezinformacemi Å¡Ã­Å™enÃ½mi na sÃ­tÃ­ch

ÄŒÃ­st ÄlÃ¡nek

Se vÅ¡emi opatÅ™enÃ­mi, kterÃ¡ to s sebou nese, jsem domluven na potenciÃ¡lnÃ­ spoluprÃ¡ci s ministrynÃ­ obrany Janou ÄŒernochovou (ODS). ArmÃ¡da ÄŒeskÃ© republiky by poskytla ihned sÃ­ly.

My jsme uÅ¾ minulÃ½ tÃ½den ve vojenskÃ©m prostoru LibavÃ¡ spolu s armÃ¡dou vytipovali lokality, kterÃ© by bylo moÅ¾nÃ©Â vyuÅ¾Ã­t jako zÃ¡hradiÅ¡tÄ›. ProtoÅ¾e samozÅ™ejmÄ› kapacita asanaÄnÃ­ch podnikÅ¯ je omezenÃ¡. V tuto chvÃ­li mÃ¡me k dispozici Å¡est asanaÄnÃ­ch podnikÅ¯ na ÃºzemÃ­ ÄŒeskÃ© republiky.

A pokud by se nÃ¡kaza rozÅ¡Ã­Å™ila do ÄŒeska, o jakÃ© kompenzace by mohli Å¾Ã¡dat zasaÅ¾enÃ­ chovatelÃ©?To by bylo pÅ™edmÄ›tem jednÃ¡nÃ­. MÃ¡me krizovÃ½ fond EvropskÃ© unie, kde bychom urÄitÄ› Å¾Ã¡dali o podporu a pomoc.

LukÃ¡Å¡ MatoÅ¡ka, kac


SdÃ­let na Facebooku




 

SdÃ­let na Twitteru




 

SdÃ­let na LinkedIn




 

Tisknout




 


KopÃ­rovat url adresu




 

ZkrÃ¡cenÃ¡ adresa





KopÃ­rovat do schrÃ¡nky




 




ZavÅ™Ã­t",irozhlas,,Uncategorized,neutral,2025-03-31 13:34:28,https://www.irozhlas.cz/zpravy-domov/vyborny-od-nedele-se-kvuli-slintavce-dezinfikuji-auta-na-breclavsku-do-vecera-se_2503311306_cen,6013,895,23
iRozhlas,"FotbalistÃ© Sparty klesli v tabulce Chance ligy ze druhÃ©ho na ÄtvrtÃ© mÃ­sto. PraÅ¾anÃ© v nedÄ›lnÃ­m Å¡lÃ¡gru 27. kola tÃ©to sezony prohrÃ¡li na LetnÃ© s PlznÃ­ 2:4, na tÅ™etÃ­ Viktorii ztrÃ¡cejÃ­ bod a na druhÃ½ BanÃ­k Ostrava jeÅ¡tÄ› o bod vÃ­c. â€BrzkÃ© vyrovnÃ¡nÃ­ tomu prospÄ›lo a PlzeÅˆ v prÅ¯bÄ›hu celÃ©ho zÃ¡pasu byla lepÅ¡Ã­,â€œ komentoval nedÄ›lnÃ­ prohru Sparty na LetnÃ© s PlznÃ­ expert RadioÅ¾urnÃ¡lu Sport Pavel HorvÃ¡th.

Praha
12:55 31. bÅ™ezna 2025 


SdÃ­let na Facebooku




 

SdÃ­let na Twitteru




 

SdÃ­let na LinkedIn




 

Tisknout




 


KopÃ­rovat url adresu




 

ZkrÃ¡cenÃ¡ adresa





KopÃ­rovat do schrÃ¡nky




 




ZavÅ™Ã­t

Sparta v utkÃ¡nÃ­ s PlznÃ­ dÃ­ky LukÃ¡Å¡i HaraslÃ­novi brzy vedla, hostÃ© ale jeÅ¡tÄ› do pÅ™estÃ¡vky skÃ³re otoÄili. ÄŒemu to pÅ™iÄÃ­tÃ¡te?Ten nÃ¡stup Sparty byl skvÄ›lÃ½. Å˜Ã­kal jsem si, Å¾e to bylo asi nÄ›jakÃ© uspokojenÃ­, Å¾e Sparta Å¡la brzy do vedenÃ­ a hrÃ¡la deset minut vÃ½bornÄ›, anebo to, Å¾e PlzeÅˆ zaÄala hrÃ¡t aÅ¾ od tÃ© vstÅ™elenÃ© branky, kterou dostala. BrzkÃ© vyrovnÃ¡nÃ­ tomu prospÄ›lo a PlzeÅˆ v prÅ¯bÄ›hu celÃ©ho zÃ¡pasu byla lepÅ¡Ã­.

â€šZbÄ›silÃ½, ale krÃ¡snÃ½.â€˜ TrenÃ©r PlznÄ› Koubek vÃ­, jak dÅ¯leÅ¾itÃ¡ vÃ½hra na LetnÃ© pomÅ¯Å¾e vÂ boji oÂ druhÃ© mÃ­sto

ÄŒÃ­st ÄlÃ¡nek

K vÃ½hÅ™e PlznÄ› na LetnÃ© pÅ™ispÄ›l dvÄ›ma gÃ³ly ÃºtoÄnÃ­k Rafiu Durosinmi, kterÃ½ se na jaÅ™e vrÃ¡til po tÄ›Å¾kÃ©m zranÄ›nÃ­ kolenaÂ a ve vÅ¡ech soutÄ›Å¾Ã­ch se trefil uÅ¾ sedmkrÃ¡t. Je zpÃ¡tky ve svÃ© top formÄ›?Je vÃ½bornÃ½. OdvÃ¡dÃ­ skvÄ›lou prÃ¡ci, velmi tÄ›Å¾ko se brÃ¡nÃ­, protoÅ¾e je obrovskÃ½. Je to dvoumetrovÃ½ hrÃ¡Ä tmavÃ© pleti, umÃ­ vÃ½bornÄ› nohama obÄ›ma, coÅ¾ prokÃ¡zal pÅ™i druhÃ©m gÃ³lu, kdy se trefil nÃ¡dhernÄ›. SparÅ¥anÃ©, spoleÄnÄ› s MatÄ›jem Vydrou, s nÃ­m mÄ›li velkÃ© problÃ©my.

Jirko! KolÃ­Äky! ğŸ§ºProtoÅ¾e tohle byl vÄ›Å¡Ã¡k âš½ï¸ pic.twitter.com/zImfMJuRM0

Sparta v lize ztratila podruhÃ© v Å™adÄ› a v sobotu se pÅ™edstavÃ­ v OstravÄ›, kterÃ¡ naopak v nejvyÅ¡Å¡Ã­ soutÄ›Å¾i pÄ›tkrÃ¡t v Å™adÄ› vyhrÃ¡la. Koho z trojice Sparta, BanÃ­k, PlzeÅˆ v souboji o druhÃ© mÃ­sto nejvÃ­c favorizujete?JeÅ¡tÄ› bych tÃ© otÃ¡zce utekl, protoÅ¾e je opravdu jeÅ¡tÄ› hodnÄ› bodÅ¯. Ten los pro Spartu teÄ nenÃ­ dobrÃ½, jede do Ostravy, kterÃ¡ je rozjetÃ¡. VÅ¡ichni sÃ¡zkaÅ™i budou dÃ¡vat jedniÄku na BanÃ­k, ale jÃ¡ bych byl opatrnÃ½, protoÅ¾e Sparta uÅ¾ nÄ›kolikrÃ¡t dokÃ¡zala, Å¾e se umÃ­ vzepÅ™Ã­t osudu a zÃ¡pas rozhodnutÃ½ nenÃ­. Pro Spartu to ale nenÃ­ vÃ½chozÃ­ pozice, kterou by chtÄ›la.

VedoucÃ­ Slavia v sobotu remizovala na Dukle 0:0, v Äele tabulky mÃ¡ ale poÅ™Ã¡d komfortnÃ­ dvanÃ¡ctibodovÃ½ nÃ¡skok. Jsou jejÃ­ mistrovskÃ© oslavy uÅ¾ jen otÃ¡zkou Äasu?DÃ¡ se to Å™Ã­ct, protoÅ¾e boj o druhÃ© mÃ­sto se muÅ¾stva potkajÃ­ mezi sebou. I kdyÅ¾ Slavia nevyhrÃ¡la, tak pÅ™idala bod do nÃ¡skoku. Na Slavii budou stÅ™Ã­zlivÃ­ a koncentrovanÃ­, ale je to velmi blÃ­zko.

PoslednÃ­ ÄŒeskÃ© BudÄ›jovice v lize znovu prohrÃ¡ly, tentokrÃ¡t v Hradci KrÃ¡lovÃ© 0:1. ZÃ¡pas rozhodl obrÃ¡nce Jakub KlÃ­ma, kterÃ½ se v nejvyÅ¡Å¡Ã­ soutÄ›Å¾i trefil aÅ¾ ve svÃ©m 175. zÃ¡pase. MyslÃ­te, Å¾e mÄ›l dlouhÃ© ÄekÃ¡nÃ­ na branku v hlavÄ›?NemyslÃ­m si. Je to hodnÄ› defenzivnÃ­ hrÃ¡Ä a vÃ­ to, Å¾e nedal gÃ³l. KdyÅ¾ se ta Å¡ance blÃ­Å¾ila, tak mu vÅ¡ichni spoluhrÃ¡Äi i fanouÅ¡ci pÅ™Ã¡li, aby ta stÅ™ela skonÄila v brÃ¡nÄ›, coÅ¾ se povedlo. I k takovÃ©mu ÃºspÄ›chu patÅ™Ã­ gratulace a je to poÄin, kterÃ©mu patÅ™Ã­ respekt.

JiÅ™Ã­ Chum, mich, mim


SdÃ­let na Facebooku




 

SdÃ­let na Twitteru




 

SdÃ­let na LinkedIn




 

Tisknout




 


KopÃ­rovat url adresu




 

ZkrÃ¡cenÃ¡ adresa





KopÃ­rovat do schrÃ¡nky




 




ZavÅ™Ã­t",irozhlas,,Uncategorized,neutral,2025-03-31 13:34:32,https://www.irozhlas.cz/sport/fotbal/chance-liga-sparta-prohrala-s-plzni-reakce-pavel-horvath_2503311255_mim,3252,519,24
iRozhlas,"V HustopeÄÃ­ch nad BeÄvou platÃ­ stav nebezpeÄÃ­. Hejtman OlomouckÃ©ho kraje Ladislav OkleÅ¡tÄ›k z ANO ho vyhlÃ¡sil mÄ›sÃ­c potÃ©, co tam vykolejil a shoÅ™el vlak, kterÃ½ vezl pÅ™es 1000 tun jedovatÃ©ho benzenu. Co by se pÅ™i likvidaci katastrofy dalo dÄ›lat lÃ©pe? â€Kroky, kterÃ© se v souÄasnÃ© dobÄ› dÄ›lajÃ­, jsou to nejlepÅ¡Ã­. PÅ™Ã­mÃ© odtÄ›Å¾ovÃ¡nÃ­ a provÄ›trÃ¡vÃ¡nÃ­ pÅ¯dy by ale pomohlo jeÅ¡tÄ› troÅ¡ku lÃ­p,â€œ mÃ­nÃ­ LudÄ›k BlÃ¡ha z PÅ™Ã­rodovÄ›deckÃ© fakulty Masarykovy univerzity.

Rozhovor
HustopeÄe nad BeÄvou
12:15 31. bÅ™ezna 2025 


SdÃ­let na Facebooku




 

SdÃ­let na Twitteru




 

SdÃ­let na LinkedIn




 

Tisknout




 


KopÃ­rovat url adresu




 

ZkrÃ¡cenÃ¡ adresa





KopÃ­rovat do schrÃ¡nky




 




ZavÅ™Ã­t

Je to teÄ hra o Äas? A co mÅ¯Å¾e z vaÅ¡eho pohledu pomoci sanaci urychlit?MyslÃ­m, Å¾e kroky, kterÃ© se tam v souÄasnÃ© dobÄ› dÄ›lajÃ­, jsou to nejlepÅ¡Ã­, co je s ohledem na tu situaci moÅ¾nÃ©. Jedinou vÄ›c, kterou jsem v mÃ©diÃ­ch zaznamenal, Å¾e by mohla bÃ½t rychlejÅ¡Ã­, je pÅ™Ã­mÃ© tÄ›Å¾enÃ­ tÃ© zeminy.

00:00 / 00:00



PoslechnÄ›te si rozhovor s profesorem environmentÃ¡lnÃ­ toxikologie LuÄkem BlÃ¡hou z PÅ™Ã­rodovÄ›deckÃ© fakulty Masarykovy univerzity a vÄ›deckÃ©ho centra Recetox

MnoÅ¾stvÃ­ benzenu, kterÃ© po havÃ¡rii uniklo do pÅ¯dy, je opravdu enormnÃ­. Benzen se buÄto drÅ¾Ã­ v povrchovÃ½ch vrstvÃ¡ch pÅ¯dy, anebo mÃ¡ tendenci prosakovat do niÅ¾Å¡Ã­ch vrstev, coÅ¾ uÅ¾ dnes vidÃ­me. To je ten prÅ¯sak do sousednÃ­ho jezera, a potom i blÃ­Å¾e k BeÄvÄ›.

TakÅ¾e myslÃ­m, Å¾e se tam dÄ›lÃ¡ vÅ¡e moÅ¾nÃ©, co by mohlo bÃ½t. Ale pÅ™Ã­mÃ© odtÄ›Å¾ovÃ¡nÃ­ a provÄ›trÃ¡vÃ¡nÃ­ pÅ¯dy by pomohlo jeÅ¡tÄ› troÅ¡ku lÃ­p.

Benzen je karcinogennÃ­ i pro ty, kdo havÃ¡rii likvidujÃ­. Pokud vÃ­m, bude odtÄ›Å¾ovÃ¡nÃ­ asi rizikovÃ¡ prÃ¡ce.Bezpochyby ano. Benzen je prokÃ¡zanÃ½ karcinogen. Je spojovÃ¡n s nemocemi, zejmÃ©na tvorby krve, to znamenÃ¡ leukÃ©mie a takÃ© anÃ©mie, coÅ¾ nenÃ­ karcinogennÃ­ projev, ale chronickÃ½ projev.

Je ale tÅ™eba si uvÄ›domit, Å¾e lidÃ©, kteÅ™Ã­ pracujÃ­ v tovÃ¡rnÃ¡ch, kde se benzen vyrÃ¡bÃ­ nebo zpracovÃ¡vÃ¡, tak jsou na dennÃ­ bÃ¡zi celoÅ¾ivotnÄ› exponovÃ¡ni Å™Ã¡dovÄ› vyÅ¡Å¡Ã­m dÃ¡vkÃ¡m. SamozÅ™ejmÄ› majÃ­ takÃ© ochrannÃ© prostÅ™edky.

V otevÅ™enÃ©m prostoru to bude bezpochyby rizikovÃ¡ prÃ¡ce, ale kdyÅ¾ se na to podÃ­vÃ¡me troÅ¡ku relativnÄ›, tak je to jenom jednorÃ¡zovÃ¡ havÃ¡rie. HasiÄi a podobnÄ›, kteÅ™Ã­ s tÃ­m budou pracovat, tak to u nich asi nenÃ­ na dennÃ­ bÃ¡zi, takÅ¾e to riziko tam bude urÄitÄ› menÅ¡Ã­ neÅ¾ u bÄ›Å¾nÃ½ch pracovnÃ­kÅ¯ tÅ™eba v chemickÃ½ch tovÃ¡rnÃ¡ch.

ZÅ™ejmÄ› aÅ¾ na podzim skonÄÃ­ vyÅ¡etÅ™ovÃ¡nÃ­ nehody vlaku s cisternami pÅ™evÃ¡Å¾ejÃ­cÃ­ benzen. @CT24zive to Å™ekl generÃ¡lnÃ­ inspektor DrÃ¡Å¾nÃ­ inspekce. Vlak jel pÅ™ed havÃ¡rii mÃ­sto maximÃ¡lnÃ­ch 40 km/h rychlostÃ­ skoro 95 km/h. Jestli Å¡lo o lidskou chybu, nebo technickou zÃ¡vadu se vyÅ¡etÅ™uje. pic.twitter.com/yEnWdtr3pR

Na jednu stranu jednorÃ¡zovÃ¡, na druhou stranu havÃ¡rie velkÃ©ho rozsahu. Jak vÃ­me, tak dÅ¯leÅ¾itÃ© je takÃ© ochrÃ¡nit zdroje pitnÃ© vody. Z havarovanÃ©ho vlaku se vylilo nejmÃ©nÄ› 350 tun benzenu. Jak rychle se takovÃ¡ lÃ¡tka v podzemnÃ­ vodÄ› Å¡Ã­Å™Ã­?NeznÃ¡m pÅ™esnÄ› hydrogeologickÃ© pomÄ›ry, kterÃ© se v mÃ­stÄ› vyskytujÃ­, ale je potÅ™eba si uvÄ›domit, Å¾e BeÄva, kterÃ¡ od havÃ¡rie teÄe pÃ¡r desÃ­tek nebo stovek metrÅ¯, je jenom povrchovÃ½ tok, kterÃ½ troÅ¡ku zobrazuje, co se dÄ›je i v podzemÃ­.

Zeminu sÂ benzenem uÂ HustopeÄÃ­ mÄ›li tÄ›Å¾it uÅ¾ pÅ™ed tÃ½dny, dosud to nikdo neudÄ›lal, kritizuje expert

ÄŒÃ­st ÄlÃ¡nek

Na vrchu teÄe Å™eka, ale v podzemÃ­ se podobnÃ½m smÄ›rem pohybuje podzemnÃ­ voda. TakÅ¾e benzen, byÅ¥ se pasivnÄ› z mÃ­sta uvolnÄ›nÃ­ Å¡Ã­Å™Ã­, tak je souÄasnÄ› strhÃ¡vÃ¡n pohybem podzemnÃ­ vody a je pÅ™esouvÃ¡n jinam.

Jak rychle to mÅ¯Å¾e trvat k BeÄvÄ›, uÅ¾ teÄ vidÃ­me, protoÅ¾e byly zaznamenÃ¡ny zvÃ½Å¡enÃ© koncentrace ve studni, kde se provÃ¡dÄ›lo mÄ›Å™enÃ­ za jeden mÄ›sÃ­c od havÃ¡rie. Nejsem ÃºplnÄ› geolog, ale myslÃ­m, Å¾e teÄ v tÃ©to fÃ¡zi uÅ¾ tam benzen je. Å Ã­Å™Ã­ se jednak tou pasivnÃ­ difuzÃ­ z mÃ­sta, jednak pohybem vodnÃ­ho tÄ›lesa v podzemÃ­.

Jestli tomu dobÅ™e rozumÃ­m, tak ohroÅ¾en by byl Å¾ivot v Å™ece, ale zÅ™ejmÄ› rovnÄ›Å¾ okolnÃ­ pÅ¯da, to znamenÃ¡ i zemÄ›dÄ›lskÃ¡.MyslÃ­m, Å¾e zemÄ›dÄ›lskÃ¡ pÅ¯da v pÅ™Ã­mÃ©m okolÃ­ ÃºplnÄ› ne. Jde o to, Å¾e benzen zÅ¯stÃ¡vÃ¡ v mÃ­stÄ› havÃ¡rie. KonajÃ­ se kroky k tomu, aby byl zaizolovÃ¡n, aby se neÅ¡Ã­Å™il do okolÃ­, napÅ™Ã­klad se tam dÃ¡vajÃ­ hlubokÃ© stÄ›ny.

Hejtman vyhlÃ¡sil vÂ okolÃ­ HustopeÄÃ­ nad BeÄvou stav nebezpeÄÃ­ kvÅ¯li havÃ¡rii cisteren sÂ benzenem

ÄŒÃ­st ÄlÃ¡nek

Technologie jeho odstraÅˆovÃ¡nÃ­ je pomÄ›rnÄ› technologicky jednoduchÃ¡, a to je provÄ›trÃ¡vÃ¡nÃ­. KdyÅ¾ se do pÅ¯dy vnÃ¡Å¡Ã­ kyslÃ­k a vzduch, tak se odvÄ›trÃ¡vÃ¡ do vzduchu, kde mÃ¡ Å™Ã¡dovÄ› kratÅ¡Ã­ dobu Å¾ivota. Ve vzduchu pÅ™eÅ¾ije, poloÄas Å¾ivota je, zhruba osm hodin aÅ¾ patnÃ¡ct hodin, zatÃ­mco v pÅ¯dÄ› to jsou tÅ™i mÄ›sÃ­ce. TakÅ¾e kdyÅ¾ se dostane do ovzduÅ¡Ã­, tak se velice rychle degraduje.

Na okolnÃ­ pÅ¯du, pÅ™Ã­padnÄ› zemÄ›dÄ›lskou, si myslÃ­m, Å¾e by dopady nebyly velkÃ©, pokud nedojde k Ãºniku do vzduchu a potom splachu s deÅ¡tÄ›m, coÅ¾ se tam moc nedÄ›je, spÃ­Å¡ jde o ohroÅ¾enÃ­ podzemnÃ­ vody a podzemnÃ­ho tÄ›lesa, kterÃ© potom zasahuje i do Å™eky BeÄvy, kterÃ¡ je poblÃ­Å¾.

A tedy i Å¾ivota v Å™ece?Ano, i Å¾ivot v Å™ece mÅ¯Å¾e bÃ½t ohroÅ¾en. NicmÃ©nÄ› dÃ­val jsem se na koncentrace, kterÃ© byly reportovÃ¡ny ze sousednÃ­ho jezera, kde se mluvilo o 400krÃ¡t pÅ™ekroÄenÃ½ch limitech a aÅ¾ 20 miligramech na litr, pÅ™iÄemÅ¾ limity jsou 50 mikrogramÅ¯ na litr. A kdyÅ¾ jsem se dÃ­val na hodnoty, kterÃ© jsou toxickÃ© pro ryby, tak je to zhruba jeÅ¡tÄ› dvakrÃ¡t vyÅ¡Å¡Ã­ neÅ¾ to, co se zmÄ›Å™ilo v nejbliÅ¾Å¡Ã­m jezeÅ™e.

ÄŒili koncentrace, kterÃ¡ je v jezeÅ™e, jeÅ¡tÄ› nestaÄÃ­ na to, aby byla pro ryby pÅ™Ã­mo toxickÃ¡, takÅ¾e si myslÃ­m, Å¾e dopad toho mnoÅ¾stvÃ­ na Å™eku, kterÃ¡ je jeÅ¡tÄ› dÃ¡l, nebude tak dramatickÃ½.

PrÅ¯bÄ›Å¾nÄ› jste v kontaktu s kolegy z jinÃ½ch evropskÃ½ch zemÃ­. MÅ¯Å¾e ÄŒesko Äerpat z jakÃ©koliv evropskÃ© zkuÅ¡enosti s likvidacÃ­ Å¡kodlivÃ© lÃ¡tky tohoto typu, pokud ne rozsahu, protoÅ¾e o rozsahu se mluvÃ­, Å¾e je vÃ½znamnÃ½, Å¾e se za poslednÃ­ desÃ­tky let nic takovÃ©ho nepÅ™ihodilo.PÅ™iznÃ¡m se, Å¾e nejsem ÃºplnÄ› technolog, takÅ¾e nedokÃ¡Å¾u Å™Ã­ct, jestli v EvropÄ› existujÃ­ podobnÃ© situace.

Ale jistÄ› jsou mÃ­sta, kterÃ¡ jsou masivnÄ› zamoÅ™enÃ¡ chemickÃ½mi lÃ¡tkami, nejenom tohoto typu. HodnÄ› se v souÄasnÃ© dobÄ› mluvÃ­ tÅ™eba o perfluorovanÃ½ch lÃ¡tkÃ¡ch. TakovÃ½ch mÃ­st je v EvropÄ› nÄ›kolik a na nich se dlouhodobÄ› snaÅ¾Ã­ kolegovÃ©, environmentÃ¡lnÃ­ technologovÃ© s tÃ­m problÃ©m vypoÅ™Ã¡dat.

TakÅ¾e ano, jistÄ› existujÃ­ pÅ™Ã­pady, kde se naÅ¡i odbornÃ­ci mohou inspirovat. NicmÃ©nÄ› myslÃ­m, Å¾e v ÄŒesku mÃ¡me pomÄ›rnÄ› silnou Å¡kolu i dÃ­ky historickÃ© zkuÅ¡enosti, kdy se bÄ›hem padesÃ¡ti let komunismu o prostÅ™edÃ­ moc nedbalo, a potom tÄ›ch nÃ¡sledujÃ­cÃ­ch tÅ™icet let jsme se nauÄili, jakÃ½m zpÅ¯sobem se vypoÅ™Ã¡dÃ¡vat se starÃ½mi zÃ¡tÄ›Å¾emi.

MÄ›sÃ­c zasahujeme v HustopeÄÃ­ch n. B. po havÃ¡rii vlaku s benzenem. PÅ™i likvidaÄnÃ­ch pracÃ­ch se zde vystÅ™Ã­dalo 2 tisÃ­ce hasiÄÅ¯ a mnoÅ¾stvÃ­ speciÃ¡lnÃ­ techniky. Dnes jsme k vodnÃ­ nÃ¡drÅ¾i nasadili velkokapacitnÃ­ Äerpadlo Hydrosub 150, kterÃ© zajiÅ¡Å¥uje pÅ™Ã­vod vody do 10 monitorÅ¯. (LB) pic.twitter.com/C9Qkjptb5U

Martina MaÅ¡kovÃ¡


SdÃ­let na Facebooku




 

SdÃ­let na Twitteru




 

SdÃ­let na LinkedIn




 

Tisknout




 


KopÃ­rovat url adresu




 

ZkrÃ¡cenÃ¡ adresa





KopÃ­rovat do schrÃ¡nky




 




ZavÅ™Ã­t",irozhlas,,Uncategorized,neutral,2025-03-31 13:34:35,https://www.irozhlas.cz/zpravy-domov/u-hustopeci-pomohlo-odtezeni-zeminy-s-benzenem-a-provetravani-pudy-mini-expert_2503311215_ako,6865,1080,25
iRozhlas,"ZaÄala oprava hlavnÃ­ ranveje na letiÅ¡ti VÃ¡clava Havla v Praze. Letadla vzlÃ©tajÃ­ a pÅ™istÃ¡vajÃ­ na vedlejÅ¡Ã­ drÃ¡ze. Obyvatele zÃ¡padnÃ­ho okraje metropole i nÄ›kterÃ½ch obcÃ­ na Praze-zÃ¡pad a Kladensku tak ÄekÃ¡ o nÄ›co hluÄnÄ›jÅ¡Ã­ jaro a lÃ©to. PrÃ¡ce potrvajÃ­ do pÅ¯lky srpna.

Praha
11:30 31. bÅ™ezna 2025 


SdÃ­let na Facebooku




 

SdÃ­let na Twitteru




 

SdÃ­let na LinkedIn




 

Tisknout




 


KopÃ­rovat url adresu




 

ZkrÃ¡cenÃ¡ adresa





KopÃ­rovat do schrÃ¡nky




 




ZavÅ™Ã­t

â€Jsem Å™epskÃ½ od roku 1971, takÅ¾e pamatuju, kdy letadla lÃ­tala pÅ™Ã­mo nad nÃ¡mi. Bylo bÄ›Å¾nÃ©, Å¾e drnÄela skla v knihovniÄce. Bylo bÄ›Å¾nÃ©, Å¾e zrnila televize. TakÅ¾e tohle nenÃ­ Å¾Ã¡dnÃ½ problÃ©m,â€œ popisuje pro RadioÅ¾urnÃ¡l obyvatel praÅ¾skÃ½ch Å˜ep Pavel, kterÃ©ho vyÅ¡Å¡Ã­ hluk neobtÄ›Å¾uje.

00:00 / 00:00



PraÅ¾skÃ© letiÅ¡tÄ› opravuje hlavnÃ­ ranvej. NatÃ¡Äela FrantiÅ¡ka RohlÃ­ÄkovÃ¡

NeplatÃ­ to ale pro nÄ›kterÃ© dalÅ¡Ã­ obyvatele, jak potvrzuje panÃ­ Barbora: â€MÅ¯j muÅ¾ mÃ¡ pomÄ›rnÄ› lehÄÃ­ spanÃ­. V dobÄ›, kdy se uÅ¾ rÃ¡no dÅ™Ã­ve rozednÃ­vÃ¡, a kdyÅ¾ se mu do toho pÅ™idÃ¡ jeÅ¡tÄ› hluk z prolÃ©tajÃ­cÃ­ch letadel, tak tahle kombinace pro nÄ›j znamenÃ¡ vstÃ¡vÃ¡nÃ­ tÅ™eba v pÄ›t hodin rÃ¡no, i kdyÅ¾ zrovna nemusÃ­.â€œ

A dodÃ¡vÃ¡, Å¾e podobnou zkuÅ¡enost majÃ­ i sousedi. â€NaÅ¡i sousedi tady pro jistotu skvÄ›lÃ¡ funkÄnÃ­ asi desetiletÃ¡ okna vymÄ›nili. Å˜Ã­kala jsem si, proÄ? TeÄ mi to doÅ¡lo,â€œ smÄ›je se.

Na dobu skoro pÄ›ti mÄ›sÃ­cÅ¯ letiÅ¡tÄ› naplÃ¡novalo prÃ¡ce za 700 milionÅ¯ korun. Celkem jde o 15 samostatnÃ½ch projektÅ¯. Podle manaÅ¾era letiÅ¡tnÃ­ch ploch Miroslava CharvÃ¡ta dÄ›lnÃ­ci vybudujÃ­ i ÃºplnÄ› novÃ½ sjezd z pÅ™istÃ¡vacÃ­ drÃ¡hy.

â€NejdelÅ¡Ã­ stavebnÃ­ akcÃ­ pÅ™i uzavÃ­rce je vÃ½stavba novÃ© rychlÃ© odboÄky a posÃ­lenÃ­ stokovÃ©ho systÃ©mu tak, abychom zejmÃ©na pÅ™i velkÃ½ch pÅ™Ã­valovÃ½ch deÅ¡tÃ­ch byli schopni bezpeÄnÄ› odvÃ¡dÄ›t srÃ¡Å¾kovÃ© vody,â€œ vysvÄ›tluje.

2/2 V dobÄ› uzavÃ­rky bude na telefonnÃ­m ÄÃ­sle 220 11 2030 fungovat speciÃ¡lnÃ­ infolinka. VyuÅ¾Ã­vat ji mÅ¯Å¾ete v pÅ™Ã­padÄ› dotazÅ¯ kaÅ¾dÃ½ den v Äase 8:00-18:00, a to vÄetnÄ› vÃ­kendu. ObraÅ¥te se na nÃ¡s v pÅ™Ã­padÄ› nejasnostÃ­.

â€Na samotnÃ© (hlavnÃ­) drÃ¡ze bude dochÃ¡zet k vÃ½mÄ›nÄ› nÃ¡vÄ›stidel, to jsou zapuÅ¡tÄ›nÃ¡ svÄ›tla. A dÃ¡le budeme vymÄ›Åˆovat tÄ›snÃ­cÃ­ spÃ¡ry mezi jednotlivÃ½mi betonovÃ½mi deskami,â€œ upÅ™esÅˆuje CharvÃ¡t.

Provoz na hlavnÃ­ vzletovÃ© a pÅ™istÃ¡vacÃ­ drÃ¡ze obnovÃ­ letiÅ¡tÄ› v polovinÄ› srpna. Zhruba pÄ›timÄ›sÃ­ÄnÃ­ odstÃ¡vku runwaye plÃ¡nuje letiÅ¡tÄ› i na pÅ™Ã­Å¡tÃ­ rok.

FrantiÅ¡ka RohlÃ­ÄkovÃ¡


SdÃ­let na Facebooku




 

SdÃ­let na Twitteru




 

SdÃ­let na LinkedIn




 

Tisknout




 


KopÃ­rovat url adresu




 

ZkrÃ¡cenÃ¡ adresa





KopÃ­rovat do schrÃ¡nky




 




ZavÅ™Ã­t",irozhlas,,Uncategorized,neutral,2025-03-31 13:34:39,https://www.irozhlas.cz/zpravy-domov/prazske-letiste-opravuje-hlavni-ranvej-prace-potrvaji-do-poloviny-srpna_2503311130_ako,2501,364,26
iRozhlas,"FrancouzskÃ½ soud uznal Å¡Ã©fku krajnÄ› pravicovÃ©ho NÃ¡rodnÃ­ho sdruÅ¾enÃ­ (RN) Marine Le Penovou vinnou v procesu, kde byla s dalÅ¡Ã­mi asi dvÄ›ma desÃ­tkami lidÃ­ obvinÄ›na ze zpronevÄ›ry prostÅ™edkÅ¯ EvropskÃ©ho parlamentu (EP). ZakÃ¡zal jÃ­ kandidovat na pÄ›t let a poslal ji na ÄtyÅ™i roky vÄ›zenÃ­, z toho dva nepodmÃ­nÄ›nÄ›. PolitiÄka vinu odmÃ­tÃ¡.

PaÅ™Ã­Å¾
11:25 31. 3. 2025 (AktualizovÃ¡no: 12:55 31. 3. 2025)



SdÃ­let na Facebooku




 

SdÃ­let na Twitteru




 

SdÃ­let na LinkedIn




 

Tisknout




 


KopÃ­rovat url adresu




 

ZkrÃ¡cenÃ¡ adresa





KopÃ­rovat do schrÃ¡nky




 




ZavÅ™Ã­t

Soud s okamÅ¾itou platnostÃ­ zakÃ¡zal na pÄ›t let Marine Le PenovÃ© kandidovat ve volbÃ¡ch, coÅ¾ znamenÃ¡, Å¾e se nebude moct ÃºÄastnit prezidentskÃ½ch voleb v roce 2027. TakÃ© jÃ­ uloÅ¾il pokutu 100 000 eur. Spolu s dalÅ¡Ã­mi obvinÄ›nÃ½mi zpronevÄ›Å™ila mezi lety 2004 aÅ¾ 2016 pÅ™es 470 000 eur (12 milionÅ¯ korun). PolitiÄka opustila sÃ¡l, aniÅ¾ by poÄkala na koneÄnÃ© znÄ›nÃ­ rozsudku.

Prokuratura pro niÂ pÅ¯vodnÄ› poÅ¾adovala pÄ›t let vÄ›zenÃ­, pokutu ve vÃ½Å¡i sedmi a pÅ¯l milionu korun a zÃ¡kaz kandidovat ve volbÃ¡ch po dobu nadchÃ¡zejÃ­cÃ­ch pÄ›ti let.

Podle prÅ¯zkumu agentury IFOP pro tÃ½denÃ­k JDD Le PenovÃ¡ patÅ™ila mezi favority prezidentskÃ©ho klÃ¡nÃ­. V loÅˆskÃ½ch parlamentnÃ­ch volbÃ¡ch lepenovce a jejÃ­ch spojence volilo pÅ™es 10 milionÅ¯ voliÄÅ¯ ve skoro sedmdesÃ¡timilionovÃ© Francii. NÄ›kteÅ™Ã­ soud vnÃ­majÃ­ jako politicky motivovanÃ½ a jsou pÅ™ipravenÃ­ vyjÃ­t do ulic v pÅ™Ã­padÄ› odsouzenÃ­ Marine Le PenovÃ©.

!! ZemÄ›tÅ™esenÃ­ na  politickÃ© scÃ©nÄ› !!Soud poslal Le Penovou na 4 roky do vÄ›zenÃ­, 2 roky nepodmÃ­nÄ›nÃ©. 100 000 eur pokuta.Le PenovÃ¡ nemÅ¯Å¾e kandidovat ve volbÃ¡ch po dobu 5 let a nebude se moct uchÃ¡zet o hlasy voliÄÅ¯ v r. 2027, ve kterÃ½ch je/byla favoritkou. @iROZHLAScz https://t.co/SVUclQNRtS

bal, ttr


SdÃ­let na Facebooku




 

SdÃ­let na Twitteru




 

SdÃ­let na LinkedIn




 

Tisknout




 


KopÃ­rovat url adresu




 

ZkrÃ¡cenÃ¡ adresa





KopÃ­rovat do schrÃ¡nky




 




ZavÅ™Ã­t",irozhlas,,Uncategorized,neutral,2025-03-31 13:34:42,https://www.irozhlas.cz/zpravy-svet/le-penova-soud-verdikt-zpronevera-politika_2503311125_ttr,1930,282,27
iRozhlas,"FrancouzskÃ½ antimonopolnÃ­ ÃºÅ™ad vymÄ›Å™il americkÃ© technologickÃ© spoleÄnosti Apple pokutu 150 milionÅ¯ eur (3,7 miliardy KÄ). Firma podle ÃºÅ™adu zneuÅ¾ila svÃ©ho dominantnÃ­ho postavenÃ­ v distribuci aplikacÃ­ pro chytrÃ© telefony iPhone a poÄÃ­taÄovÃ© tablety iPad pÅ™i vyuÅ¾Ã­vÃ¡nÃ­ osobnÃ­ch ÃºdajÅ¯ k cÃ­lenÃ© reklamÄ›. ÃšÅ™ad o tom informoval v pondÄ›lnÃ­ tiskovÃ© zprÃ¡vÄ›. Apple v bezprostÅ™ednÃ­ reakci uvedl, Å¾e ho rozhodnutÃ­ ÃºÅ™adu zklamalo.

AktualizovÃ¡no
PaÅ™Ã­Å¾
11:08 31. 3. 2025 (AktualizovÃ¡no: 11:46 31. 3. 2025)



SdÃ­let na Facebooku




 

SdÃ­let na Twitteru




 

SdÃ­let na LinkedIn




 

Tisknout




 


KopÃ­rovat url adresu




 

ZkrÃ¡cenÃ¡ adresa





KopÃ­rovat do schrÃ¡nky




 




ZavÅ™Ã­t

Pokuta se tÃ½kÃ¡ systÃ©mu App Tracking Transparency (ATT). Apple tvrdÃ­, Å¾e tento systÃ©m poskytuje vÄ›tÅ¡Ã­ ochranu soukromÃ­, protoÅ¾e vyÅ¾aduje, aby vÅ¡echny aplikace mÄ›ly ke sledovÃ¡nÃ­ osobnÃ­ch ÃºdajÅ¯ povolenÃ­ od uÅ¾ivatelÅ¯.

EvropskÃ¡ komise naÅ™Ã­dila Applu zpÅ™Ã­stupnit svÃ¡ zaÅ™Ã­zenÃ­ konkurenci. Podle firmy to poÅ¡kodÃ­ uÅ¾ivatele

ÄŒÃ­st ÄlÃ¡nek

ÃšÅ™ad ale dospÄ›l k zÃ¡vÄ›ru, Å¾e zavedenÃ­ systÃ©mu ATT zkomplikovalo pouÅ¾Ã­vÃ¡nÃ­ aplikacÃ­ tÅ™etÃ­ch stran a Å¾e pravidla systÃ©mu zpÅ¯sobila ekonomickou Ãºjmu vydavatelÅ¯m aplikacÃ­ a poskytovatelÅ¯m reklamnÃ­ch sluÅ¾eb.

Pokuta se podle ÃºÅ™adu tÃ½kÃ¡ praktik v obdobÃ­ od dubna 2021 do Äervence 2023. â€DneÅ¡nÃ­ (pondÄ›lnÃ­) rozhodnutÃ­ nÃ¡s zklamalo,â€œ uvedl Apple, z jehoÅ¾ sdÄ›lenÃ­ cituje agentura Reuters. Apple nicmÃ©nÄ› upozornil, Å¾e antimonopolnÃ­ ÃºÅ™ad ve svÃ©m rozhodnutÃ­ nepoÅ¾aduje Å¾Ã¡dnÃ© konkrÃ©tnÃ­ zmÄ›ny v systÃ©mu ATT.

VymÄ›Å™enÃ¡ pokuta pÅ™edstavuje pouze zlomek ziskÅ¯ spoleÄnosti Apple. Ve svÃ©m prvnÃ­m finanÄnÃ­m ÄtvrtletÃ­, kterÃ© skonÄilo 28. prosince, firma zvÃ½Å¡ila ÄistÃ½ zisk meziroÄnÄ› o sedm procent na 36,3 miliardy dolarÅ¯ (tÃ©mÄ›Å™ 838 miliard KÄ).

ÄŒTK


SdÃ­let na Facebooku




 

SdÃ­let na Twitteru




 

SdÃ­let na LinkedIn




 

Tisknout




 


KopÃ­rovat url adresu




 

ZkrÃ¡cenÃ¡ adresa





KopÃ­rovat do schrÃ¡nky




 




ZavÅ™Ã­t",irozhlas,,Uncategorized,neutral,2025-03-31 13:34:48,https://www.irozhlas.cz/zpravy-svet/francie-ulozila-spolecnosti-apple-pokutu-150-milionu-eur-vyuzivala-dominantniho_2503311108_kvr,1923,256,28
iRozhlas,"EurozatykaÄe pomÃ¡hajÃ­ dostat hledanÃ© lidi pÅ™ed soud nebo do vÄ›zenÃ­ uÅ¾ vÃ­ce neÅ¾ dvacet let. DÃ­ky nim si uprchlÃ­ky pÅ™ed spravedlnostÃ­ mezi sebou pÅ™edÃ¡vajÃ­ policistÃ© z rÅ¯znÃ½ch evropskÃ½ch stÃ¡tÅ¯ â€“ loni se takto do ÄŒeska vrÃ¡tilo nejvÃ­c hledanÃ½ch lidÃ­ za poslednÃ­ch pÄ›t let.

Praha
11:04 31. bÅ™ezna 2025 


SdÃ­let na Facebooku




 

SdÃ­let na Twitteru




 

SdÃ­let na LinkedIn




 

Tisknout




 


KopÃ­rovat url adresu




 

ZkrÃ¡cenÃ¡ adresa





KopÃ­rovat do schrÃ¡nky




 




ZavÅ™Ã­t

Na rukou pouta a po kaÅ¾dÃ©m boku policista. Na polsko-ÄeskÃ© hranici takto pÅ™edÃ¡vali PolÃ¡ci hledanÃ©ho muÅ¾e ÄeskÃ½m kolegÅ¯m. PrÃ¡vÄ› policistÃ© ze sousednÃ­ch stÃ¡tÅ¯ si lidi na ÃºtÄ›ku pÅ™edÃ¡vajÃ­ nejÄastÄ›ji.

00:00 / 00:00



ÄŒeskÃ¡ policie ÄÃ­m dÃ¡l ÄastÄ›ji vyuÅ¾Ã­vÃ¡ takzvanÃ½ eurozatykaÄ

â€To znamenÃ¡ Slovensko, NÄ›mecko, Polsko, a Rakousko. Kdy se jednÃ¡ o pozemnÃ­ pÅ™edÃ¡nÃ­, ke kterÃ©mu dochÃ¡zÃ­ v centrech spoluprÃ¡ce, kterÃ© mÃ¡me s kaÅ¾dÃ½m sousednÃ­m stÃ¡tem,â€œ Å™Ã­kÃ¡ policejnÃ­ mluvÄÃ­ David SchÃ¶n. â€V pÅ™Ã­padÄ›, Å¾e se uprchlÃ½ nachÃ¡zÃ­ v jinÃ©m stÃ¡tÄ› EU, kde by pozemnÃ­ doprava byla velkÃ½ problÃ©m, vyuÅ¾Ã­vÃ¡me leteckÃ© spoje,â€œ doplÅˆuje.

V lednu se takto vrÃ¡tila z Tenerife Å¾ena, kterÃ¡ si podle policie podvody vydÄ›lala 16 milionÅ¯ korun a ukrÃ½vala se na KanÃ¡rskÃ½ch ostrovech. Na palubÄ› letadla ji doprovÃ¡zeli takzvanÃ­ air marshalovÃ©Â â€“ policistÃ©, kteÅ™Ã­ jsou speciÃ¡lnÄ› cviÄenÃ­, a to i na zneÅ¡kodnÄ›nÃ­ ÃºtoÄnÃ­ka. Loni trÃ©novali zÃ¡kroky v maketÄ› letadla v Praze.

ÄŒeskÃ© soudy v roce 2024 vydaly pÅ™es 800 eurozatykaÄÅ¯, nejvÃ­ce za poslednÃ­ch pÄ›t let. A toto ÄÃ­slo kaÅ¾doroÄnÄ› stoupÃ¡. Loni se dÃ­ky nim do ÄŒeska vrÃ¡tilo 215 lidÃ­.

Policie zadrÅ¾ela soudce Kafku, kterÃ©ho podezÃ­rÃ¡ zÂ podvodu. Å koda je pÅ™es 11 milionÅ¯, mÅ¯Å¾e bÃ½t ale vyÅ¡Å¡Ã­

ÄŒÃ­st ÄlÃ¡nek

Vydat ho mÅ¯Å¾e kterÃ½koliv soud ÄlenskÃ© zemÄ›, a platÃ­ pro celou Evropskou unii. â€DÃ­ky tomu, Å¾e je Evropa otevÅ™enÃ¡, tak je naprosto bÄ›Å¾enÃ©, Å¾e se pachatelÃ© trestnÃ­ Äinnosti snaÅ¾Ã­ uprchnout z ÄŒeskÃ© republiky, a proto je na mÃ­stÄ› vydÃ¡vat EvropskÃ½ zatÃ½kacÃ­ rozkaz,â€œ vysvÄ›tluje SchÃ¶n.

â€ZÃ¡roveÅˆ je to naprosto efektivnÃ­ nÃ¡stroj, jak je zadrÅ¾et, a potom pÅ™edat spravedlnosti,â€œ doplÅˆuje zkuÅ¡enost policistÅ¯ jejich mluvÄÃ­.

EurozatykaÄe fungujÃ­ pÅ™es dvacet let. ZadrÅ¾et hledanÃ© lidi se podle policejnÃ­ho mluvÄÃ­ho daÅ™Ã­ nÄ›kdy do pÃ¡r dnÅ¯, maximÃ¡lnÄ› to trvÃ¡ dva mÄ›sÃ­ce. ÄŒeÅ¡tÃ­ policistÃ© pak kaÅ¾doroÄnÄ› svÃ½m kolegÅ¯m do zahraniÄÃ­ pÅ™edÃ¡vajÃ­ asi stovku hledanÃ½ch lidÃ­.

Marie VeselÃ¡


SdÃ­let na Facebooku




 

SdÃ­let na Twitteru




 

SdÃ­let na LinkedIn




 

Tisknout




 


KopÃ­rovat url adresu




 

ZkrÃ¡cenÃ¡ adresa





KopÃ­rovat do schrÃ¡nky




 




ZavÅ™Ã­t",irozhlas,,Uncategorized,neutral,2025-03-31 13:34:54,https://www.irozhlas.cz/zpravy-domov/od-polska-pres-tenerife-do-ceska-se-diky-eurozatykacum-vraci-stale-vice_2503311104_dci,2540,374,29
iRozhlas,"IzraelskÃ¡ armÃ¡da v pondÄ›lÃ­ naÅ™Ã­dila evakuaci obyvatel vÄ›tÅ¡iny mÄ›sta RafÃ¡h a pÅ™ilehlÃ½ch oblastÃ­ na jihu PÃ¡sma Gazy. Uvedla, Å¾e zde hodlÃ¡ obnovit intenzivnÃ­ pozemnÃ­ operaci proti palestinskÃ©mu teroristickÃ©mu hnutÃ­ HamÃ¡s. Informovala o tom agentura AP a izraelskÃ¡ mÃ©dia.

Tel Aviv
10:39 31. bÅ™ezna 2025 


SdÃ­let na Facebooku




 

SdÃ­let na Twitteru




 

SdÃ­let na LinkedIn




 

Tisknout




 


KopÃ­rovat url adresu




 

ZkrÃ¡cenÃ¡ adresa





KopÃ­rovat do schrÃ¡nky




 




ZavÅ™Ã­t

MluvÄÃ­ armÃ¡dy na sÃ­ti X v arabÅ¡tinÄ› vyzval obyvatele vyznaÄenÃ½chÂ sektorÅ¯, aby se pÅ™esunuli do takzvanÃ© humanitÃ¡rnÃ­ zÃ³ny MavÃ¡sÃ­ na jihozÃ¡padnÃ­m pobÅ™eÅ¾Ã­ PÃ¡sma Gazy. Ta se sklÃ¡dÃ¡ pÅ™evÃ¡Å¾nÄ› z rozlehlÃ½ch provizornÃ­ch stanovÃ½ch tÃ¡borÅ¯ pro Palestince, kteÅ™Ã­ museli opustit svÃ© domovy.

VÃ¡lka vÂ Gaze je zpÄ›t, TrumpÅ¯v plÃ¡n na â€šriviÃ©ruâ€˜ takÃ©. Rodiny unesenÃ½ch IzraelcÅ¯ se bouÅ™Ã­

ÄŒÃ­st ÄlÃ¡nek

ArmÃ¡da se podle mluvÄÃ­ho â€vracÃ­ s velkou silou do boje, aby eliminovala kapacity teroristickÃ½ch organizacÃ­ v tÄ›chto oblastechâ€œ.

IzraelskÃ¡ armÃ¡da uÅ¾ v sobotu oznÃ¡mila, Å¾e v jiÅ¾nÃ­ ÄÃ¡sti PÃ¡sma Gazy zahÃ¡jila pozemnÃ­ operaci s cÃ­lem rozÅ¡Ã­Å™it nÃ¡raznÃ­kovou zÃ³nu podÃ©l hranic a zlikvidovat infrastrukturu teroristickÃ½ch skupin.

Izrael poprvÃ© pÅ™ikroÄil k rozsÃ¡hlÃ© pozemnÃ­ operaci v RafÃ¡hu, kterÃ½ leÅ¾Ã­ pÅ™i hranici s Egyptem, loni v kvÄ›tnu, velkÃ© ÄÃ¡sti mÄ›sta potÃ© zÅ¯staly v troskÃ¡ch. ArmÃ¡da tehdy takÃ© obsadila strategickÃ½ koridor podÃ©l tÃ©to hranice a hraniÄnÃ­ pÅ™echod RafÃ¡h, jedinÃ½ vstupnÃ­ bod na izolovanÃ© palestinskÃ© ÃºzemÃ­, kterÃ½ Izrael do tÃ© doby nekontroloval.

Z takzvanÃ©ho FiladelfskÃ©ho koridoru se mÄ›la armÃ¡da stÃ¡hnout v rÃ¡mci pÅ™Ã­mÄ›Å™Ã­, kterÃ© zaÄalo platit 19. ledna, nakonec to vÅ¡ak odmÃ­tla s odkazem na nutnost zabrÃ¡nit paÅ¡ovÃ¡nÃ­ zbranÃ­.

Izrael pÅ™Ã­mÄ›Å™Ã­ poruÅ¡il 18. bÅ™ezna a obnovil bombardovÃ¡nÃ­ PÃ¡sma Gazy a pozemnÃ­ operace proti HamÃ¡su. CÃ­lem nÃ¡vratu k bojÅ¯m je podle vlÃ¡dy premiÃ©ra Benjamina Netanjahua vyvinout tlak na HamÃ¡s, aby propustil zbÃ½vajÃ­cÃ­ch Å¡est desÃ­tek rukojmÃ­ch, kterÃ© hnutÃ­ zadrÅ¾uje od teroristickÃ©ho Ãºtoku na Izrael v Å™Ã­jnu 2023.

ÄŒTK


SdÃ­let na Facebooku




 

SdÃ­let na Twitteru




 

SdÃ­let na LinkedIn




 

Tisknout




 


KopÃ­rovat url adresu




 

ZkrÃ¡cenÃ¡ adresa





KopÃ­rovat do schrÃ¡nky




 




ZavÅ™Ã­t",irozhlas,,Uncategorized,neutral,2025-03-31 13:34:58,https://www.irozhlas.cz/zpravy-svet/izrael-armada-rafah-evakuace_2503311039_ttr,2207,309,30
"Za sociÃ¡lnÃ­ sluÅ¾by budou ÄŒeÅ¡i pÅ™iplÃ¡cet, mÃ¡ jasno Dospiva zÂ Penty",,seznamzpravy,,Uncategorized,neutral,2025-03-31 13:35:07,https://www.seznamzpravy.cz/clanek/ekonomika-byznys-rozhovory-penta-chysta-miliardove-investice-rika-dospiva-londynske-byty-lekarny-v-asii-272799,0,0,31
"VolebnÃ­mi lÃ­dry hnutÃ­ StaÄilo! budou KoneÄnÃ¡, Sterzik Äi BoboÅ¡Ã­kovÃ¡",,seznamzpravy,,Uncategorized,neutral,2025-03-31 13:35:11,https://www.seznamzpravy.cz/clanek/domaci-politika-volebnimi-lidry-hnuti-stacilo-budou-konecna-sterzik-ci-bobosikova-272917,0,0,32
"Prezident otÃ¡lÃ­ sÂ vyhlÃ¡Å¡enÃ­m voleb. VyÄkÃ¡vÃ¡nÃ­ nahrÃ¡vÃ¡ Spolu, tvrdÃ­ kritici",,seznamzpravy,,Uncategorized,neutral,2025-03-31 13:35:14,https://www.seznamzpravy.cz/clanek/volby-do-poslanecke-snemovny-prezident-zatim-nevyhlasil-volby-272442,0,0,33
Michlova mzda vÂ ÄŒNB vzrostla oÂ 51Â procent. PolepÅ¡ili si iÂ ostatnÃ­ radnÃ­,,seznamzpravy,,Uncategorized,neutral,2025-03-31 13:35:18,https://www.seznamzpravy.cz/clanek/ekonomika-finance-michlova-mzda-v-cnb-vzrostla-o-51-procent-polepsili-si-i-ostatni-radni-272900,0,0,34
IzraelskÃ½ premiÃ©r Netanjahu vybral novÃ©ho Å¡Ã©fa tajnÃ© sluÅ¾by Å in Bet,,seznamzpravy,,Uncategorized,neutral,2025-03-31 13:35:21,https://www.seznamzpravy.cz/clanek/zahranicni-izraelsky-premier-netanjahu-vybral-noveho-sefa-tajne-sluzby-sin-bet-272914,0,0,35
Parket: Å enkypl pÅ™episuje pÅ™Ã­bÄ›h Grouponu aÂ akcie se nadechujÃ­,,seznamzpravy,,Uncategorized,neutral,2025-03-31 13:35:26,https://www.seznamzpravy.cz/clanek/ekonomika-parket-senkypl-prepisuje-pribeh-grouponu-a-akcie-se-nadechuji-272889,0,0,36
Soud uznal Le Penovou vinnou. Potrestal ji vÄ›zenÃ­m aÂ zakÃ¡zal jÃ­ kandidovat,,seznamzpravy,,Uncategorized,neutral,2025-03-31 13:35:30,https://www.seznamzpravy.cz/clanek/zahranicni-soud-uznal-le-penovou-vinnou-z-zpronevery-unijnich-penez-272902,0,0,37
Å Ã©f nejvÄ›tÅ¡Ã­ zdravotnÃ­ pojiÅ¡Å¥ovny VZP dostane rekordnÃ­ odmÄ›nu,,seznamzpravy,,Uncategorized,neutral,2025-03-31 13:35:33,https://www.seznamzpravy.cz/clanek/domaci-kauzy-sef-nejvetsi-zdravotni-pojistovny-vzp-dostane-rekordni-odmenu-272886,0,0,38
"Obrazem: VÂ Myanmaru pokraÄuje zÃ¡vod sÂ Äasem, mrtvÃ½ch je uÅ¾ pÅ™es 1700",,seznamzpravy,,Uncategorized,neutral,2025-03-31 13:35:36,https://www.seznamzpravy.cz/clanek/zahranicni-obrazem-v-myanmaru-pokracuje-zavod-s-casem-mrtvych-je-uz-pres-1700-272877,0,0,39
"Pokud chtÄ›jÃ­ USA vÃ¡lku, budeme bojovat aÅ¾ do konce, znÃ­ zÂ Pekingu kvÅ¯li clÅ¯m",,seznamzpravy,,Uncategorized,neutral,2025-03-31 13:35:39,https://www.seznamzpravy.cz/clanek/zahranicni-pokud-chteji-usa-valku-budeme-bojovat-az-do-konce-zni-z-pekingu-kvuli-clum-272890,0,0,40
"Le PenovÃ¡ je vinna, vyÅ™kl soud. Potrestal ji vÄ›zenÃ­m a zakÃ¡zal kandidovat",,aktualne,,Uncategorized,neutral,2025-03-31 13:35:49,https://zpravy.aktualne.cz/zahranici/le-penova-dostala-u-soudu-za-zproneveru-zakaz-kandidovat-a-d/r~2656b0260e1111f0beca0cc47ab5f122/?utm_source=mediafed&utm_medium=rss&utm_campaign=mediafed,0,0,41
BoboÅ¡Ã­kovÃ¡ kandiduje po boku KoneÄnÃ© do snÄ›movny. TentokrÃ¡t mÃ¡ reÃ¡lnou Å¡anci,,aktualne,,Uncategorized,neutral,2025-03-31 13:35:53,https://zpravy.aktualne.cz/domaci/bobosikova/r~673c8a920d8111f0a065ac1f6b220ee8/?utm_source=mediafed&utm_medium=rss&utm_campaign=mediafed,0,0,42
ZemÅ™el francouzskÃ½ reÅ¾isÃ©r Yves Boisset. Jeho filmy vzbuzovaly kontroverze,,aktualne,,Uncategorized,neutral,2025-03-31 13:35:57,https://magazin.aktualne.cz/kultura/film/zemrel-reziser-yves-boisset/r~7b546ebe0e1c11f0b553ac1f6b220ee8/?utm_source=mediafed&utm_medium=rss&utm_campaign=mediafed,0,0,43
Sparta podepsala smlouvu na novÃ½ stadion. Bude mÃ­t kapacitu 35 tisÃ­c divÃ¡kÅ¯,,aktualne,,Uncategorized,neutral,2025-03-31 13:36:00,https://sport.aktualne.cz/sparta-podepsala-smlouvu-na-novy-stadion-na-strahove-se-zacn/r~2924be840e1a11f080bfac1f6b220ee8/?utm_source=mediafed&utm_medium=rss&utm_campaign=mediafed,0,0,44
"Dva pÅ™Ã­bÄ›hy, dva Å¡Å¥astnÃ© konce. NÃ¡hradnÃ­ mateÅ™stvÃ­ je v ÄŒesku jen na vlastnÃ­ riziko",,aktualne,,Uncategorized,neutral,2025-03-31 13:36:04,https://magazin.aktualne.cz/najit-pro-miminko-nahradni-matku-vcesku-na-vlastni-riziko/r~f712b20a0a7e11f0a1910cc47ab5f122/?utm_source=mediafed&utm_medium=rss&utm_campaign=mediafed,0,0,45
"ChystÃ¡ Zelenskyj prezidentskÃ© volby? TÃ½mu dal pokyn k pÅ™Ã­pravÃ¡m, pÃ­Å¡e list",,aktualne,,Uncategorized,neutral,2025-03-31 13:36:08,https://zpravy.aktualne.cz/zahranici/pripravuje-se-zelenskyj-na-prezidentske-volby-kdy-se-mohou-u/r~65cbba660dfe11f0a065ac1f6b220ee8/?utm_source=mediafed&utm_medium=rss&utm_campaign=mediafed,0,0,46
"Manon Lescaut na dÃ¡lnici. FeministickÃ¡ opera by mohla fungovat, kdyby nechybÄ›la vÃ¡Å¡eÅˆ",,aktualne,,Uncategorized,neutral,2025-03-31 13:36:13,https://magazin.aktualne.cz/kultura/manon-lescaut-recenze/r~9b7698e80dc711f0a26cac1f6b220ee8/?utm_source=mediafed&utm_medium=rss&utm_campaign=mediafed,0,0,47
ÄŒeskÃ© Å™eky z vÃ½Å¡ky. NovÃ½ cyklus ÄŒT nabÃ­zÃ­ netradiÄnÃ­ pohled na krajinu naÅ¡ich Å™ek,,aktualne,,Uncategorized,neutral,2025-03-31 13:36:17,https://magazin.aktualne.cz/kultura/film/ceske-reky-z-vysky-dokument-ceska-televize/r~f735ac420e1111f0bf960cc47ab5f122/?utm_source=mediafed&utm_medium=rss&utm_campaign=mediafed,0,0,48
"Dukla mÄ›nÃ­ majitele, novÃ½ se opÅ™e i o HaÅ¡ka. PodÃ­vejte se, kdo vlastnÃ­ ligovÃ© kluby",,aktualne,,Uncategorized,neutral,2025-03-31 13:36:21,https://sport.aktualne.cz/dukla-meni-majitele-novy-se-opre-i-o-haska-podivejte-se-kdo/r~fc46854e0e1111f0b689ac1f6b220ee8/?utm_source=mediafed&utm_medium=rss&utm_campaign=mediafed,0,0,49
"TenkrÃ¡t na Å¾eleznici. DÃ½m, pÃ¡ra a nostalgie. KolorovanÃ© poklady z kolejÃ­ dÃ¡vnÃ½ch ÄasÅ¯",,aktualne,,Uncategorized,neutral,2025-03-31 13:36:25,https://magazin.aktualne.cz/tenkrat-na-zeleznici/r~ff24c5c6089611f0ae9c0cc47ab5f122/?utm_source=mediafed&utm_medium=rss&utm_campaign=mediafed,0,0,50
